date,tenyear,sp500,wti,copper,dollar
5/31/2011,3.05,1345.2,102.63,419.25,929.87
6/1/2011,2.96,1314.55,100.13,409.5,932.16
6/2/2011,3.04,1312.9399,100.54,409.7,927.79
6/3/2011,2.99,1300.16,100.49,412.4,922.76
6/6/2011,3.01,1286.17,98.85,412.25,925.77
6/7/2011,3.01,1284.9399,98.98,414.65,921.77
6/8/2011,2.98,1279.5601,100.93,411.25,925.73
6/9/2011,3.01,1289,101.71,410.5,926.87
6/10/2011,2.99,1270.98,99.02,404.45,934
6/13/2011,3,1271.83,96.98,403.38,929.98
6/14/2011,3.11,1287.87,99.17,415.85,928.28
6/15/2011,2.98,1265.42,95.29,411.63,939.99
6/16/2011,2.93,1267.64,94.96,412.3,939.99
6/17/2011,2.94,1271.5,92.96,410.05,934.44
6/20/2011,2.97,1278.36,93.25,407.7,934.93
6/21/2011,2.99,1295.52,93.4,408.35,929.78
6/22/2011,3.01,1287.14,94.59,405.85,932.43
6/23/2011,2.93,1283.5,91.75,406.58,936.68
6/24/2011,2.88,1268.45,91.25,408.45,940.12
6/27/2011,2.95,1280.1,90.81,407.2,938.95
6/28/2011,3.05,1296.67,92.89,409.85,935.56
6/29/2011,3.14,1307.41,94.93,421.8,930.47
6/30/2011,3.18,1320.64,94.92,426.45,927.23
7/1/2011,3.22,1339.67,94.7,430.25,925.86
7/5/2011,3.16,1337.88,96.8,432.95,929.43
7/6/2011,3.12,1339.22,96.64,432.4,932.42
7/7/2011,3.17,1353.22,98.49,442.15,930.49
7/8/2011,3.03,1343.8,96.31,439.08,931.15
7/11/2011,2.94,1319.49,95.05,434.5,939.64
7/12/2011,2.92,1313.64,96.77,438.52,938.86
7/13/2011,2.92,1317.72,97.89,438.52,929.71
7/14/2011,2.98,1308.87,95.73,437.95,930.59
7/15/2011,2.94,1316.14,97.32,440.73,929.31
7/18/2011,2.94,1305.4399,96,440.55,931.59
7/19/2011,2.91,1326.73,97.7,446.45,929.23
7/20/2011,2.96,1325.84,98.14,442.42,925.3
7/21/2011,3.03,1343.8,99.25,437.92,919.2
7/22/2011,2.99,1345.02,99.82,440.2,919.95
7/25/2011,3.03,1337.4301,99.13,440.33,918.83
7/26/2011,2.99,1331.9399,99.44,447.3,912.58
7/27/2011,3.01,1304.89,97.31,443.15,917.17
7/28/2011,2.98,1300.67,97.13,447.3,919.02
7/29/2011,2.82,1292.28,95.92,448.3,915.52
8/1/2011,2.77,1286.9399,95.33,441,918.61
8/2/2011,2.66,1254.05,93.25,438.3,920.61
8/3/2011,2.64,1260.34,91.93,433.65,918.09
8/4/2011,2.47,1200.0699,86.44,421.4,932.46
8/5/2011,2.58,1199.38,87.07,412.35,926.3
8/8/2011,2.4,1119.46,80.74,393.05,931.17
8/9/2011,2.2,1172.53,81.12,403.55,921.45
8/10/2011,2.17,1120.76,81.55,389.5,931.42
8/11/2011,2.34,1172.64,85.46,404.1,929.27
8/12/2011,2.24,1178.8101,85.25,399.5,929.41
8/15/2011,2.29,1204.49,87.89,403.67,922.31
8/16/2011,2.23,1192.76,86.93,399.25,923.17
8/17/2011,2.17,1193.89,87.45,404,920.27
8/18/2011,2.08,1140.65,81.58,394.13,926.05
8/19/2011,2.07,1123.53,82.63,396.85,924.52
8/22/2011,2.1,1123.8199,84.12,393.98,926.53
8/23/2011,2.15,1162.35,86.12,401.25,923.23
8/24/2011,2.29,1177.6,85.17,401.27,926.24
8/25/2011,2.23,1159.27,84.94,409.17,929.12
8/26/2011,2.19,1176.8,85.42,409.8,923.74
8/29/2011,2.28,1210.08,87.45,409.5,922.74
8/30/2011,2.19,1212.92,88.76,414.7,924.79
8/31/2011,2.23,1218.89,88.91,418.2,925.04
9/1/2011,2.15,1204.42,88.82,412.63,926.49
9/2/2011,2.02,1173.97,86.67,410.15,929.61
9/6/2011,1.98,1165.24,86.48,404.67,944.02
9/7/2011,2.05,1198.62,89.36,411.85,938.84
9/8/2011,2,1185.9,88.83,410.9,946.44
9/9/2011,1.93,1154.23,87.22,398.13,955.75
9/12/2011,1.94,1162.27,88.78,397.95,956.65
9/13/2011,2,1172.87,89.97,395.95,955.49
9/14/2011,2.03,1188.6801,88.52,389.85,955.09
9/15/2011,2.09,1209.11,89.19,394.48,950.56
9/16/2011,2.08,1216.01,87.98,392,953.09
9/19/2011,1.97,1204.09,85.76,378.4,959.63
9/20/2011,1.95,1202.09,86.89,369.9,960.8
9/21/2011,1.88,1166.76,85.05,369.45,970.42
9/22/2011,1.72,1129.5601,80.32,343.3,981.79
9/23/2011,1.84,1136.4301,80.31,330.7,977.43
9/26/2011,1.91,1162.95,81.24,334.02,976.78
9/27/2011,2,1175.38,83.61,340.33,971.75
9/28/2011,2.03,1151.0601,80.72,316.4,976.7
9/29/2011,1.99,1160.4,82.61,324.25,976.54
9/30/2011,1.92,1131.42,78.79,311.9,986.17
10/3/2011,1.8,1099.23,76.75,308.95,993.46
10/4/2011,1.81,1123.95,77.27,311.65,990.63
10/5/2011,1.92,1144.03,79.7,315.15,985.91
10/6/2011,2.01,1164.97,82.6,327.6,980.88
10/7/2011,2.1,1155.46,82.82,328.8,982.97
10/10/2011,2.14,1194.89,85.89,337.6,969.59
10/11/2011,2.18,1195.54,85.25,329.4,970.2
10/12/2011,2.24,1207.25,85,336.2,964.55
10/13/2011,2.19,1203.66,84.35,333.05,964.3
10/14/2011,2.26,1224.58,87.38,342.8,959.75
10/17/2011,2.18,1200.86,86.4,334.85,966.11
10/18/2011,2.19,1225.38,88.32,338,963.85
10/19/2011,2.18,1209.88,86.16,322.25,965.02
10/20/2011,2.2,1215.39,85.3,308.75,964.75
10/21/2011,2.23,1238.25,87.71,324.4,957.54
10/24/2011,2.25,1254.1899,91.59,345.85,953.05
10/25/2011,2.14,1229.05,92.75,340.45,955.61
10/26/2011,2.23,1242,90.81,351.05,954.74
10/27/2011,2.42,1284.59,93.8,370.6,940.02
10/28/2011,2.34,1285.09,93.43,371.65,939.41
10/31/2011,2.17,1253.3,92.62,361.8,956.78
11/1/2011,2.01,1218.28,91.26,350.15,967.85
11/2/2011,2.03,1237.9,92.37,358.3,964.92
11/3/2011,2.09,1261.15,94.08,359,960.09
11/4/2011,2.06,1253.23,94.43,356.4,963.19
11/7/2011,2.04,1261.12,96.07,357.85,962.72
11/8/2011,2.1,1275.92,96.95,355.5,958.75
11/9/2011,2,1229.1,95.92,339.35,973.09
11/10/2011,2.04,1239.7,97.71,336.9,970.61
11/11/2011,2.04,1263.85,98.99,347.5,962.54
11/14/2011,2.04,1251.78,97.98,349.4,968.52
11/15/2011,2.06,1257.8101,99.42,349.7,972.89
11/16/2011,2.01,1236.91,101.85,347.52,975.96
11/17/2011,1.96,1216.13,98.88,336.23,977.79
11/18/2011,2.01,1215.65,97.41,340.45,975.93
11/21/2011,1.97,1192.98,97.4,331.4,981.02
11/22/2011,1.94,1188.04,97.92,331.9,980.65
11/23/2011,1.89,1161.79,96.23,326.15,990.73
11/25/2011,1.97,1158.67,97.3,327.1,995.73
11/28/2011,1.97,1192.55,97.99,335.05,989.36
11/29/2011,2,1195.1899,99.78,339.52,984.56
11/30/2011,2.08,1246.96,100.35,356.5,977
12/1/2011,2.11,1244.58,99.98,352.5,975.86
12/2/2011,2.05,1244.28,101.03,357.2,978.95
12/5/2011,2.04,1257.08,101,354.3,977.48
12/6/2011,2.08,1258.47,100.96,357.45,976.89
12/7/2011,2.02,1261.01,100.55,353.85,976.19
12/8/2011,1.99,1234.35,97.81,347.58,981.96
12/9/2011,2.07,1255.1899,99.66,355.45,979.18
12/12/2011,2.03,1236.47,98.15,344.8,989.39
12/13/2011,1.96,1225.73,99.98,338.6,997.01
12/14/2011,1.92,1211.8199,94.96,326.17,1000.13
12/15/2011,1.92,1215.75,93.61,324.4,997.36
12/16/2011,1.86,1219.66,93.92,335.63,995.6
12/19/2011,1.82,1205.35,93.76,328.75,998.94
12/20/2011,1.94,1241.3,97.22,337.4,991.7
12/21/2011,1.98,1243.72,98.86,338.67,992.55
12/22/2011,1.97,1254,99.37,341.13,991.66
12/23/2011,2.03,1265.33,99.87,345.35,992.2
12/27/2011,2.02,1265.4301,101.35,340.73,991.29
12/28/2011,1.93,1249.64,99.52,334.77,997.57
12/29/2011,1.91,1263.02,99.67,338.05,995.82
12/30/2011,1.89,1257.6,98.96,343.05,993.39
1/3/2012,1.97,1277.0601,103.01,352.6,984.48
1/4/2012,2,1277.3,103.27,342.7,988.48
1/5/2012,2.02,1281.0601,101.73,341.45,997.06
1/6/2012,1.98,1277.8101,101.85,343,1000.16
1/9/2012,1.98,1280.7,101.42,341,997.24
1/10/2012,2,1292.08,102.19,350.35,995.62
1/11/2012,1.93,1292.48,101.05,354.9,999.05
1/12/2012,1.94,1295.5,98.93,363.75,994.03
1/13/2012,1.89,1289.09,99.13,364.8,999.82
1/17/2012,1.87,1293.67,100.78,372.1,995.51
1/18/2012,1.92,1308.04,100.84,376.2,988.78
1/19/2012,2.01,1314.5,100.49,381.4,985.52
1/20/2012,2.05,1315.38,98.46,374.5,985.32
1/23/2012,2.09,1316,99.86,381.1,980.78
1/24/2012,2.08,1314.65,99.16,380.95,982.78
1/25/2012,2.01,1326.0601,99.82,384.4,977.45
1/26/2012,1.96,1318.4301,99.86,388.55,976.74
1/27/2012,1.93,1316.33,99.67,389.4,970.51
1/30/2012,1.87,1313.01,98.93,383.1,973.81
1/31/2012,1.83,1312.41,98.44,379.4,974.67
2/1/2012,1.87,1324.09,97.32,382.4,970.45
2/2/2012,1.86,1325.54,96.63,378.65,969.81
2/3/2012,1.97,1344.9,97.8,390.45,968.5
2/6/2012,1.93,1344.33,97.18,386.75,969.61
2/7/2012,2,1347.05,98.79,386.15,965.69
2/8/2012,2.01,1349.96,99,390.55,966.82
2/9/2012,2.04,1351.95,99.76,396.8,967.41
2/10/2012,1.96,1342.64,98.97,385.5,973.68
2/13/2012,1.99,1351.77,100.72,383.65,971.13
2/14/2012,1.92,1350.5,101.14,382.45,976.38
2/15/2012,1.93,1343.23,102.04,380.75,978.13
2/16/2012,1.99,1358.04,102.33,380.9,975.66
2/17/2012,2.01,1361.23,103.45,371.35,975.91
2/21/2012,2.05,1362.21,105.5,382.5,974.67
2/22/2012,2.01,1357.66,106.02,383.5,977.45
2/23/2012,1.99,1363.46,108.1,381.15,971.8
2/24/2012,1.98,1365.74,109.81,385.6,970.95
2/27/2012,1.92,1367.59,107.69,385.8,972.21
2/28/2012,1.94,1372.1801,106.68,390.1,968.84
2/29/2012,1.98,1365.6801,106.95,385.7,973.57
3/1/2012,2.03,1374.09,109.14,392.7,971.96
3/2/2012,1.99,1369.63,106.63,390.35,977.68
3/5/2012,2,1364.33,107.08,385.75,978.13
3/6/2012,1.96,1343.36,104.89,373.6,983.42
3/7/2012,1.98,1352.63,106.18,376.5,981.73
3/8/2012,2.03,1365.91,106.75,379.25,976.13
3/9/2012,2.04,1370.87,107.49,383.9,983.15
3/12/2012,2.04,1371.09,106.36,383.4,983.1
3/13/2012,2.14,1395.95,106.68,389.7,985.34
3/14/2012,2.29,1394.28,105.67,383.15,990.69
3/15/2012,2.29,1402.6,105.28,389.33,986.68
3/16/2012,2.31,1404.17,107.25,387.7,983.15
3/19/2012,2.39,1409.75,108.02,390.23,979.43
3/20/2012,2.38,1405.52,105.61,383.55,982.59
3/21/2012,2.31,1402.89,106.84,383.88,982.88
3/22/2012,2.29,1392.78,105.4,377.65,983.98
3/23/2012,2.25,1397.11,106.86,380.95,980.18
3/26/2012,2.26,1416.51,107.08,389.65,975.79
3/27/2012,2.2,1412.52,106.97,386.45,978.89
3/28/2012,2.21,1405.54,105.57,379.98,979.65
3/29/2012,2.18,1403.28,103.21,380.85,979.54
3/30/2012,2.23,1408.47,103.11,382.65,978.6
4/2/2012,2.22,1419.04,105.15,391.9,975.44
4/3/2012,2.3,1413.38,104.21,389.35,981.11
4/4/2012,2.25,1398.96,102.05,379.05,984.69
4/5/2012,2.19,1398.08,103.1,378.9,987.1
4/9/2012,2.06,1382.2,102.42,371.6,984.79
4/10/2012,2.01,1358.59,101.17,365.45,986.71
4/11/2012,2.05,1368.71,102.57,363.15,986
4/12/2012,2.08,1387.5699,103.68,371.5,980.3
4/13/2012,2.02,1370.26,102.88,361.85,986.16
4/16/2012,2,1369.5699,103.08,363.05,983.38
4/17/2012,2.03,1390.78,104.23,364.5,982.18
4/18/2012,2,1385.14,102.7,362.88,983.74
4/19/2012,1.98,1376.92,102.54,362.67,984.7
4/20/2012,1.99,1378.53,103.05,368.65,980.47
4/23/2012,1.96,1366.9399,103.09,363.7,981.98
4/24/2012,2,1371.97,103.47,367.4,981.02
4/25/2012,2.01,1390.6899,104.08,370.9,978.71
4/26/2012,1.98,1399.98,104.44,378.15,977.07
4/27/2012,1.96,1403.36,104.68,382.35,973.46
4/30/2012,1.95,1397.91,104.79,384.15,973.92
5/1/2012,1.98,1405.8199,106.05,383.4,973.87
5/2/2012,1.96,1402.3101,105.35,378.4,976.77
5/3/2012,1.96,1391.5699,102.59,373.45,978.21
5/4/2012,1.91,1369.1,98.53,371.9,981.92
5/7/2012,1.92,1369.58,97.9,376.1,982.45
5/8/2012,1.88,1363.72,97.44,369.7,986.34
5/9/2012,1.87,1354.58,96.53,367.05,989.56
5/10/2012,1.89,1357.99,96.79,368.4,990.23
5/11/2012,1.84,1353.39,95.85,362.85,992.02
5/14/2012,1.78,1338.35,94.15,352.15,996.04
5/15/2012,1.76,1330.66,93.24,349.45,1002.4
5/16/2012,1.76,1324.8,92.61,347.1,1004.52
5/17/2012,1.7,1304.86,92.52,346.08,1004.42
5/18/2012,1.71,1295.22,91.05,344.33,1002.64
5/21/2012,1.75,1315.99,92.97,353.3,999.99
5/22/2012,1.79,1316.63,91.66,346.75,1008.17
5/23/2012,1.73,1318.86,90.45,344.15,1011.44
5/24/2012,1.77,1320.6801,90.86,343.63,1015.03
5/25/2012,1.75,1317.8199,90.79,344.95,1016.43
5/29/2012,1.74,1332.42,90.8,346.8,1014.19
5/30/2012,1.63,1313.3199,87.57,338,1021.93
5/31/2012,1.59,1310.33,86.53,336.25,1022.68
6/1/2012,1.47,1278.04,83.35,332.2,1021.58
6/4/2012,1.53,1278.1801,84.28,333.8,1018.54
6/5/2012,1.57,1285.5,84.27,330.4,1020.58
6/6/2012,1.66,1315.13,85.29,337.65,1013.27
6/7/2012,1.66,1314.99,84.14,335.65,1014.26
6/8/2012,1.65,1325.66,84.34,331.3,1015.66
6/11/2012,1.6,1308.9301,81.43,331.15,1017.8
6/12/2012,1.67,1324.1801,83.36,334.5,1014.94
6/13/2012,1.61,1314.88,82.5,331.3,1013.42
6/14/2012,1.64,1329.1,84.22,336.15,1010.17
6/15/2012,1.6,1342.84,83.99,340.85,1005.58
6/18/2012,1.59,1344.78,83.1,339,1008.65
6/19/2012,1.64,1357.98,84.09,343.1,1002.37
6/20/2012,1.65,1355.6899,81.75,337.55,1004.16
6/21/2012,1.63,1325.51,78.42,329.45,1014.24
6/22/2012,1.69,1335.02,80.16,331.1,1012.92
6/25/2012,1.63,1313.72,79.37,333.7,1014.74
6/26/2012,1.66,1319.99,79.37,331.98,1011.82
6/27/2012,1.65,1331.85,80.43,334.2,1012.83
6/28/2012,1.6,1329.04,78.59,334.1,1014.73
6/29/2012,1.67,1362.16,84.8,349.15,1002.86
7/2/2012,1.61,1365.51,83.71,346.6,1003.57
7/3/2012,1.65,1374.02,87.53,353.23,1002.81
7/5/2012,1.62,1367.58,86.92,348.3,1011.45
7/6/2012,1.57,1354.6801,84.15,340.92,1015.9
7/9/2012,1.53,1352.46,85.67,343.25,1014.5
7/10/2012,1.53,1341.47,84.03,338.63,1016.57
7/11/2012,1.54,1341.45,86.09,342.35,1016.52
7/12/2012,1.5,1334.76,85.8,342.05,1019.24
7/13/2012,1.52,1356.78,87.07,348.95,1014.95
7/16/2012,1.5,1353.64,88.32,349.13,1011.59
7/17/2012,1.53,1363.67,89,345.98,1010.83
7/18/2012,1.52,1372.78,89.89,347.17,1009.52
7/19/2012,1.54,1376.51,92.4,353,1008.35
7/20/2012,1.49,1362.66,91.44,344.02,1014.57
7/23/2012,1.47,1350.52,88.36,337.58,1018.59
7/24/2012,1.44,1338.3101,88.75,336.58,1021.54
7/25/2012,1.43,1337.89,88.88,338.65,1017.33
7/26/2012,1.45,1360.02,89.4,339.15,1009.3
7/27/2012,1.58,1385.97,90.11,342.58,1007.13
7/30/2012,1.53,1385.3,89.52,342.55,1007.46
7/31/2012,1.51,1379.3199,87.53,341.7,1005.97
8/1/2012,1.56,1375.3199,88.78,335.65,1011.38
8/2/2012,1.51,1365,87.32,330.05,1012.65
8/3/2012,1.6,1390.99,91.16,336.1,1003.45
8/6/2012,1.59,1394.23,92.11,338.15,1002.25
8/7/2012,1.66,1401.35,93.44,343.05,1002.87
8/8/2012,1.68,1402.22,93.35,341.65,1002.78
8/9/2012,1.69,1402.8,93.59,342.3,1004.4
8/10/2012,1.65,1405.87,93.39,340.5,1003.45
8/13/2012,1.65,1404.11,92.77,335.35,1003.16
8/14/2012,1.73,1403.9301,93.41,335.2,1004.61
8/15/2012,1.8,1405.53,94.19,334.95,1005.54
8/16/2012,1.83,1415.51,95.18,338.4,1003.84
8/17/2012,1.81,1418.16,96.22,341.85,1005.95
8/20/2012,1.82,1418.13,95.99,337.7,1004.63
8/21/2012,1.8,1413.17,96.4,344.05,1000.47
8/22/2012,1.71,1413.49,97.27,347.45,996.27
8/23/2012,1.68,1402.08,96.09,347.4,995.92
8/24/2012,1.68,1411.13,95.87,348.25,998.56
8/27/2012,1.65,1410.4399,95.67,346.95,999.37
8/28/2012,1.64,1409.3,96.17,346.02,996.09
8/29/2012,1.66,1410.49,95.07,343.55,998.67
8/30/2012,1.63,1399.48,94.75,344.02,1000.44
8/31/2012,1.57,1406.58,96.38,345.4,994.89
9/4/2012,1.59,1404.9399,95.49,347.25,996
9/5/2012,1.6,1403.4399,95.53,352.5,995.56
9/6/2012,1.68,1432.12,94.75,351.6,993.05
9/7/2012,1.67,1437.92,96.36,365.55,984.53
9/10/2012,1.68,1429.08,96.28,368.77,986.56
9/11/2012,1.7,1433.5601,97.01,370.5,980.33
9/12/2012,1.77,1436.5601,96.87,370.77,979.99
9/13/2012,1.75,1459.99,98.1,375.35,973.64
9/14/2012,1.88,1465.77,99.03,383.42,970.37
9/17/2012,1.85,1461.1899,96.09,376.5,972.77
9/18/2012,1.82,1459.3199,95.56,380.27,975.03
9/19/2012,1.79,1461.05,91.7,381.73,973.62
9/20/2012,1.8,1460.26,91.87,378.95,976.58
9/21/2012,1.77,1460.15,93.05,379.02,975.67
9/24/2012,1.74,1456.89,91.96,375.35,977.76
9/25/2012,1.7,1441.59,91.06,374.92,978.55
9/26/2012,1.64,1433.3199,89.97,371.55,980.49
9/27/2012,1.66,1447.15,92.13,374.5,976.97
9/28/2012,1.65,1440.67,92.03,375.55,980.84
10/1/2012,1.64,1444.49,92.36,377.7,979.6
10/2/2012,1.64,1445.75,91.75,379.45,980.13
10/3/2012,1.64,1450.99,87.99,376.75,982.41
10/4/2012,1.7,1461.4,91.52,378.75,976.47
10/5/2012,1.75,1460.9301,89.95,375.9,977.42
10/8/2012,1.745,1455.88,89.66,372.85,978.52
10/9/2012,1.74,1441.48,92.18,371.7,982.65
10/10/2012,1.72,1432.5601,91.38,371.8,981.57
10/11/2012,1.7,1432.84,92.49,374.8,980.18
10/12/2012,1.69,1428.59,91.77,369.55,978.94
10/15/2012,1.7,1440.13,91.67,370.05,979.22
10/16/2012,1.75,1454.92,92.05,370.95,977.31
10/17/2012,1.83,1460.91,92,374.7,973.23
10/18/2012,1.86,1457.34,91.95,373.1,976.91
10/19/2012,1.79,1433.1899,89.98,363.3,980.42
10/22/2012,1.83,1433.8199,88.73,362.1,980.63
10/23/2012,1.79,1413.11,86.61,357.2,983.98
10/24/2012,1.8,1408.75,85.71,357.05,983.93
10/25/2012,1.86,1412.97,86.15,355.9,984.24
10/26/2012,1.78,1411.9399,86.13,355.5,984.09
10/31/2012,1.72,1412.16,86.16,352.1,983.61
11/1/2012,1.75,1427.59,86.92,355.15,984.19
11/2/2012,1.75,1414.2,84.96,348.5,988.99
11/5/2012,1.72,1417.26,85.74,348,990.38
11/6/2012,1.78,1428.39,88.36,351.45,988.02
11/7/2012,1.68,1394.53,84.62,345.2,989.75
11/8/2012,1.62,1377.51,84.96,347,991.06
11/9/2012,1.61,1379.85,86.11,344.25,992.88
11/12/2012,1.6,1380.03,85.61,346.65,992.5
11/13/2012,1.59,1374.53,85.23,346.85,992.96
11/14/2012,1.59,1355.49,86.19,344.33,994.69
11/15/2012,1.58,1353.33,85.51,346.65,995.13
11/16/2012,1.58,1359.88,86.67,344.8,995.59
11/19/2012,1.61,1386.89,89.12,352.7,991.86
11/20/2012,1.66,1387.8101,87.11,352.95,991.89
11/21/2012,1.69,1391.03,87.65,350.35,993.48
11/23/2012,1.7,1409.15,88.26,352.9,986.64
11/26/2012,1.66,1406.29,87.78,353.65,986.75
11/27/2012,1.64,1398.9399,87.2,353.1,988.75
11/28/2012,1.63,1409.9301,86.72,352.8,986.91
11/29/2012,1.62,1415.95,87.75,358.13,986.01
11/30/2012,1.62,1416.1801,88.85,361.98,985.94
12/3/2012,1.63,1409.46,88.95,363.75,984.38
12/4/2012,1.62,1407.05,88.39,363.8,981.83
12/5/2012,1.6,1409.28,87.86,366.02,983.37
12/6/2012,1.59,1413.9399,86.39,362.75,986.01
12/7/2012,1.64,1418.0699,86.06,364.92,987.07
12/10/2012,1.63,1418.55,85.66,368.77,985.6
12/11/2012,1.66,1427.84,85.93,367.1,983.39
12/12/2012,1.72,1428.48,86.76,369.35,982.27
12/13/2012,1.74,1419.45,86.21,365.45,983.32
12/14/2012,1.72,1413.58,86.85,365.5,980.16
12/17/2012,1.78,1430.36,87.43,365.4,979.91
12/18/2012,1.84,1446.79,87.97,362.85,978.7
12/19/2012,1.82,1435.8101,89.51,359.5,979.32
12/20/2012,1.81,1443.6899,89.88,352.77,979.1
12/21/2012,1.77,1430.15,88.86,355.3,983.56
12/24/2012,1.79,1426.66,88.83,353.2,985.1
12/26/2012,1.77,1419.83,91.08,358.42,985.9
12/27/2012,1.74,1418.1,91.16,359.4,986.48
12/28/2012,1.73,1402.4301,90.81,359.1,986.98
12/31/2012,1.78,1426.1899,91.72,364.85,986.48
1/2/2013,1.86,1462.42,92.94,373.35,985.69
1/3/2013,1.92,1459.37,92.67,369.25,991.36
1/4/2013,1.93,1466.47,93.06,370.05,991.73
1/7/2013,1.92,1461.89,93.22,368.55,989.78
1/8/2013,1.89,1457.15,93.29,367.55,990.29
1/9/2013,1.88,1461.02,93.13,367.3,991.67
1/10/2013,1.91,1472.12,93.88,370.75,984.81
1/11/2013,1.89,1472.05,93.65,365.9,984.89
1/14/2013,1.89,1470.6801,94.18,364.35,984.07
1/15/2013,1.86,1472.34,93.46,363.8,985.69
1/16/2013,1.84,1472.63,94.18,361.6,986.32
1/17/2013,1.89,1480.9399,95.31,365.9,986.45
1/18/2013,1.87,1485.98,95.56,367.7,990.63
1/22/2013,1.86,1492.5601,96.24,370.25,988.21
1/23/2013,1.86,1494.8101,95.6,368.5,989.2
1/24/2013,1.88,1494.8199,95.99,367.55,991.72
1/25/2013,1.98,1502.96,96.02,365.6,991.86
1/28/2013,2,1500.1801,96.47,366,993.6
1/29/2013,2.03,1507.84,97.45,368.75,990.47
1/30/2013,2.03,1501.96,98.03,374.9,988.85
1/31/2013,2.02,1498.11,97.48,373.5,988.08
2/1/2013,2.04,1513.17,97.64,378,989.23
2/4/2013,2,1495.71,96.09,376.65,991.99
2/5/2013,2.04,1511.29,96.71,377.05,992.42
2/6/2013,2,1512.12,96.84,375.05,994.57
2/7/2013,1.99,1509.39,95.82,373.15,998.99
2/8/2013,1.99,1517.9301,95.77,375.85,998.23
2/11/2013,1.99,1517.01,96.98,372.6,1000.69
2/12/2013,2.02,1519.4301,97.44,374.2,998.18
2/13/2013,2.05,1520.33,97.14,374,998.39
2/14/2013,2,1521.38,97.39,374.45,999.49
2/15/2013,2.01,1519.79,95.95,373.65,1001.51
2/19/2013,2.03,1530.9399,96.66,365.45,1001.5
2/20/2013,2.02,1511.95,94.46,359.75,1007.74
2/21/2013,1.99,1502.42,92.91,355.9,1009.98
2/22/2013,1.97,1515.6,93.4,354.15,1009.67
2/25/2013,1.88,1487.85,92.34,353.3,1012
2/26/2013,1.88,1496.9399,92.61,357.13,1013.76
2/27/2013,1.91,1515.99,92.84,355.45,1010.65
2/28/2013,1.89,1514.6801,91.9,352.8,1015.32
3/1/2013,1.86,1518.2,90.93,349.5,1018.85
3/4/2013,1.88,1525.2,90.05,349.85,1018.2
3/5/2013,1.9,1539.79,90.81,350.17,1016.45
3/6/2013,1.95,1541.46,90.46,348.77,1021.09
3/7/2013,2,1544.26,91.56,349.9,1018.78
3/8/2013,2.06,1551.1801,91.82,349.65,1024.38
3/11/2013,2.07,1556.22,91.88,350.35,1022.48
3/12/2013,2.03,1552.48,92.53,353.5,1021.02
3/13/2013,2.04,1554.52,92.39,351.2,1023.78
3/14/2013,2.04,1563.23,93.04,352.23,1020.42
3/15/2013,2.01,1560.7,93.5,350.38,1016.74
3/18/2013,1.96,1552.1,93.62,340.65,1021.03
3/19/2013,1.92,1548.34,92.1,338.6,1022.63
3/20/2013,1.96,1558.71,92.96,342.88,1021.95
3/21/2013,1.95,1545.8,92.4,342.77,1020.95
3/22/2013,1.93,1556.89,93.86,345.73,1016.56
3/25/2013,1.93,1551.6899,94.54,343.7,1019.59
3/26/2013,1.92,1563.77,96.24,344.3,1019.28
3/27/2013,1.87,1562.85,96.5,345.4,1022.14
3/28/2013,1.87,1569.1899,97.1,340.45,1020.11
4/1/2013,1.86,1562.17,96.88,337.1,1017.58
4/2/2013,1.88,1570.25,96.8,337.1,1018.94
4/3/2013,1.83,1553.6899,94.38,332.9,1017.07
4/4/2013,1.78,1559.98,93.35,336.15,1019.26
4/5/2013,1.72,1553.28,93.03,334.25,1019.18
4/8/2013,1.76,1563.0699,93.59,337.55,1022.84
4/9/2013,1.78,1568.61,93.99,344.1,1018.73
4/10/2013,1.84,1587.73,94.57,341.75,1019.1
4/11/2013,1.82,1593.37,93.47,342.8,1016.85
4/12/2013,1.75,1588.85,90.97,333.75,1015.79
4/15/2013,1.72,1552.36,88.03,327.9,1018.92
4/16/2013,1.75,1574.5699,88.77,330.6,1012.87
4/17/2013,1.73,1552.01,86.73,317.95,1021.36
4/18/2013,1.72,1541.61,88.46,320.1,1020.97
4/19/2013,1.73,1555.25,87.83,315.15,1023.38
4/22/2013,1.72,1562.5,88.76,313.2,1022.75
4/23/2013,1.74,1578.78,89.37,308.8,1025.38
4/24/2013,1.73,1578.79,91.6,316.8,1024.55
4/25/2013,1.74,1585.16,93.27,324.3,1022.1
4/26/2013,1.7,1582.24,92.92,318.05,1018.05
4/29/2013,1.7,1593.61,94.28,320.8,1014.7
4/30/2013,1.7,1597.5699,93.06,318.7,1010.44
5/1/2013,1.66,1582.7,90.93,306.85,1010.61
5/2/2013,1.66,1597.59,94,310.88,1015.23
5/3/2013,1.78,1614.42,95.43,330.75,1014.12
5/6/2013,1.8,1617.5,95.81,329.75,1016.67
5/7/2013,1.82,1625.96,95.46,330.05,1015.77
5/8/2013,1.81,1632.6899,96.52,335.92,1012.57
5/9/2013,1.81,1626.67,95.84,333.15,1021.36
5/10/2013,1.9,1633.7,95.88,337.95,1027.06
5/13/2013,1.92,1633.77,95.03,335.65,1029.44
5/14/2013,1.96,1650.34,94.14,329.05,1033.15
5/15/2013,1.94,1658.78,94.34,326.98,1035.33
5/16/2013,1.87,1650.47,94.99,328.3,1036.33
5/17/2013,1.95,1667.47,96,331.1,1042.73
5/20/2013,1.97,1666.29,96.65,335.35,1036.65
5/21/2013,1.94,1669.16,96.16,333.08,1037.98
5/22/2013,2.03,1655.35,94.18,336.6,1044.22
5/23/2013,2.02,1650.51,94.41,331.25,1038.02
5/24/2013,2.01,1649.6,93.95,329.15,1038.2
5/28/2013,2.15,1660.0601,95.09,331.15,1045.18
5/29/2013,2.13,1648.36,93.21,329.42,1039.71
5/30/2013,2.13,1654.41,93.58,331.35,1035.13
5/31/2013,2.16,1630.74,91.79,326.8,1037.73
6/3/2013,2.13,1640.42,93.31,333.2,1029.67
6/4/2013,2.14,1631.38,93.48,336.75,1031.73
6/5/2013,2.1,1608.9,93.67,336.75,1030.49
6/6/2013,2.08,1622.5601,94.61,332.65,1019.04
6/7/2013,2.17,1643.38,96.14,326.85,1020.69
6/10/2013,2.22,1642.8101,95.75,323.95,1023.31
6/11/2013,2.2,1626.13,95.22,319.7,1015.72
6/12/2013,2.25,1612.52,95.81,322.35,1015.65
6/13/2013,2.19,1636.36,96.65,321.65,1010.37
6/14/2013,2.14,1626.73,97.82,319.75,1009.45
6/17/2013,2.19,1639.04,97.82,319.45,1009.8
6/18/2013,2.2,1651.8101,98.46,315.3,1012.91
6/19/2013,2.33,1628.9301,98.01,313.85,1023.57
6/20/2013,2.41,1588.1899,94.95,304.42,1030.43
6/21/2013,2.52,1592.4301,93.84,310.05,1034.79
6/24/2013,2.57,1573.09,94.92,303.7,1034.65
6/25/2013,2.6,1588.03,95.22,306.3,1035.12
6/26/2013,2.55,1603.26,95.39,305.08,1038.33
6/27/2013,2.49,1613.2,96.92,304.05,1037.12
6/28/2013,2.52,1606.28,96.48,305.4,1040.55
7/1/2013,2.5,1614.96,97.88,315.42,1038.77
7/2/2013,2.48,1614.08,99.39,313.27,1045.96
7/3/2013,2.52,1615.41,101.11,317.17,1042.06
7/5/2013,2.73,1631.89,103.2,308.63,1054.48
7/8/2013,2.65,1640.46,102.81,311.63,1051
7/9/2013,2.65,1652.3199,103.96,307.7,1053.48
7/10/2013,2.7,1652.62,105.99,308.73,1049.2
7/11/2013,2.6,1675.02,104.63,318.33,1034.41
7/12/2013,2.61,1680.1899,106.06,316.7,1037.71
7/15/2013,2.57,1682.5,106.45,316.55,1037.24
7/16/2013,2.55,1676.26,105.72,318.9,1030.47
7/17/2013,2.52,1680.91,106.53,314.33,1032.43
7/18/2013,2.56,1689.37,108.09,313.98,1034.7
7/19/2013,2.5,1692.09,108.4,315.42,1032.85
7/22/2013,2.5,1695.53,106.91,318.52,1028.6
7/23/2013,2.53,1692.39,107.15,321.6,1026.15
7/24/2013,2.61,1685.9399,105.2,318.5,1031.02
7/25/2013,2.61,1690.25,105.72,319.25,1024.17
7/26/2013,2.58,1691.65,104.69,310.9,1022.93
7/29/2013,2.61,1685.33,104.44,311.65,1024.21
7/30/2013,2.63,1685.96,103.16,304.25,1026.88
7/31/2013,2.6,1685.73,105.1,312.15,1025.8
8/1/2013,2.74,1706.87,107.68,316.05,1034.54
8/2/2013,2.63,1709.67,106.76,316.4,1028.82
8/5/2013,2.67,1707.14,106.46,316.65,1027.12
8/6/2013,2.67,1697.37,105.4,317.15,1024.57
8/7/2013,2.61,1690.91,104.11,318.2,1021.51
8/8/2013,2.58,1697.48,103.79,326.1,1017.19
8/9/2013,2.57,1691.42,106.05,331.05,1017.01
8/12/2013,2.61,1689.47,106.22,331.05,1020.61
8/13/2013,2.71,1694.16,106.48,331.45,1025.69
8/14/2013,2.71,1685.39,106.9,334.6,1025.08
8/15/2013,2.77,1661.3199,107.21,335.5,1020.24
8/16/2013,2.84,1655.83,107.68,336,1022.14
8/19/2013,2.88,1646.0601,107.01,333.2,1023.35
8/20/2013,2.82,1652.35,104.96,333.1,1020.46
8/21/2013,2.87,1642.8,103.99,331.6,1026.92
8/22/2013,2.9,1656.96,105.06,333.35,1028.42
8/23/2013,2.82,1663.5,106.22,334.95,1026.18
8/26/2013,2.79,1656.78,106.28,332.2,1027.64
8/27/2013,2.72,1630.48,108.82,332.55,1025.04
8/28/2013,2.78,1634.96,109.41,330.73,1028.8
8/29/2013,2.75,1638.17,107.99,323.8,1033.6
8/30/2013,2.78,1632.97,107.72,322.73,1034.4
9/3/2013,2.86,1639.77,108.52,330.4,1036.71
9/4/2013,2.9,1653.08,107.31,324.5,1033.16
9/5/2013,2.98,1655.08,108.29,324.38,1038.63
9/6/2013,2.94,1655.17,110.24,325.5,1031.48
9/9/2013,2.9,1671.71,109.05,327.88,1027.78
9/10/2013,2.96,1683.99,107.29,326.35,1027.96
9/11/2013,2.93,1689.13,107.72,327.58,1024.13
9/12/2013,2.92,1683.42,108.66,320.95,1024.88
9/13/2013,2.9,1687.99,108.49,322.95,1024.08
9/16/2013,2.88,1697.6,106.12,322.27,1021.1
9/17/2013,2.86,1704.76,105.52,322.8,1019.71
9/18/2013,2.69,1725.52,108.16,331.98,1008.4
9/19/2013,2.76,1722.34,106.21,334.7,1011.36
9/20/2013,2.75,1709.91,104.67,331.2,1013.41
9/23/2013,2.72,1701.84,103.43,330.8,1011.94
9/24/2013,2.67,1697.42,103.34,327.05,1014.14
9/25/2013,2.63,1692.77,102.36,328,1012.33
9/26/2013,2.66,1698.67,102.92,329.7,1015.25
9/27/2013,2.64,1691.75,102.63,331.9,1012.75
9/30/2013,2.64,1681.55,102.32,331.35,1011.85
10/1/2013,2.66,1695,101.8,327.8,1011.1
10/2/2013,2.63,1693.87,103.86,331.4,1008.5
10/3/2013,2.62,1678.66,103.06,327.2,1007.87
10/4/2013,2.66,1690.5,103.58,329.95,1009.98
10/7/2013,2.65,1676.12,103.08,329.8,1008.13
10/8/2013,2.66,1655.45,103.55,329.15,1009.76
10/9/2013,2.68,1656.4,101.45,322.75,1013.22
10/10/2013,2.71,1692.5601,102.95,324.7,1013.6
10/11/2013,2.7,1703.2,101.92,327.2,1012.38
10/14/2013,2.725,1710.14,102.19,329.75,1011.21
10/15/2013,2.75,1698.0601,100.94,330.55,1012.59
10/16/2013,2.69,1721.54,102.19,330.85,1011.89
10/17/2013,2.61,1733.15,100.68,329.4,1002.65
10/18/2013,2.6,1744.5,100.79,328.85,1002.73
10/21/2013,2.63,1744.66,99.22,330.15,1004.55
10/22/2013,2.54,1754.67,97.8,333.7,999.46
10/23/2013,2.51,1746.38,96.94,326.5,1001
10/24/2013,2.53,1752.0699,97.05,326.95,1000.57
10/25/2013,2.53,1759.77,98.02,326.8,1000.67
10/28/2013,2.54,1762.11,98.63,326.6,1002.27
10/29/2013,2.53,1771.95,98.25,328.15,1006.12
10/30/2013,2.55,1763.3101,96.67,331.4,1007.37
10/31/2013,2.57,1756.54,96.25,329.5,1011.72
11/1/2013,2.65,1761.64,94.66,329.8,1015.69
11/4/2013,2.63,1767.9301,94.47,325.65,1013.17
11/5/2013,2.69,1762.97,93.42,326.35,1015.99
11/6/2013,2.67,1770.49,94.85,324.15,1013.48
11/7/2013,2.63,1747.15,94.28,323.95,1017.12
11/8/2013,2.77,1770.61,94.38,325.95,1021.66
11/11/2013,2.785,1771.89,95.07,325.75,1020.88
11/12/2013,2.8,1767.6899,93.13,322.1,1022.05
11/13/2013,2.75,1782,93.82,316.1,1018.48
11/14/2013,2.69,1790.62,93.87,316.65,1018.82
11/15/2013,2.71,1798.1801,93.71,317.05,1016.88
11/18/2013,2.67,1791.53,93,315.15,1015.35
11/19/2013,2.71,1787.87,93.35,315.4,1015
11/20/2013,2.8,1781.37,93.33,314.75,1019.07
11/21/2013,2.79,1795.85,95.17,319,1020.97
11/22/2013,2.75,1804.76,94.75,322,1018.56
11/25/2013,2.74,1802.48,94.18,322.8,1020.95
11/26/2013,2.71,1802.75,93.84,320.2,1018.83
11/27/2013,2.74,1807.23,92.43,320.7,1021.55
11/29/2013,2.75,1805.8101,92.78,322.92,1020.78
12/2/2013,2.81,1800.9,93.84,322,1024.07
12/3/2013,2.79,1795.15,96.13,319.85,1020.75
12/4/2013,2.84,1792.8101,97.18,326.08,1020.94
12/5/2013,2.88,1785.03,97.35,325.27,1017.37
12/6/2013,2.88,1805.09,97.7,326.4,1016.87
12/9/2013,2.86,1808.37,97.36,328.92,1015.06
12/10/2013,2.81,1802.62,98.49,330.15,1012.58
12/11/2013,2.86,1782.22,97.38,332.23,1013.57
12/12/2013,2.89,1775.5,97.42,332.95,1017.49
12/13/2013,2.88,1775.3199,96.51,334.95,1016.79
12/16/2013,2.89,1786.54,97.32,336.98,1015.7
12/17/2013,2.85,1781,97.09,336.02,1016.12
12/18/2013,2.89,1810.65,97.57,336.1,1020.7
12/19/2013,2.94,1809.6,98.77,334.05,1023.08
12/20/2013,2.89,1818.3199,99.11,334.45,1021.34
12/23/2013,2.94,1827.99,98.83,335.05,1020.35
12/24/2013,2.99,1833.3199,99.17,341.8,1021.71
12/26/2013,3,1842.02,99.61,343.77,1022.21
12/27/2013,3.02,1841.4,100.17,347.35,1021.85
12/30/2013,2.99,1841.0699,99.22,338.3,1018.91
12/31/2013,3.04,1848.36,98.62,339.55,1019.41
1/2/2014,3,1831.98,95.55,338.65,1023.41
1/3/2014,3.01,1831.37,94.25,335.1,1024.86
1/6/2014,2.98,1826.77,93.75,335.95,1022.5
1/7/2014,2.96,1837.88,93.84,336,1025.12
1/8/2014,3.01,1837.49,92.59,334.2,1027.41
1/9/2014,2.97,1838.13,92.4,329.55,1026.83
1/10/2014,2.88,1842.37,92.72,334.25,1022.4
1/13/2014,2.84,1819.2,91.64,333.8,1019.82
1/14/2014,2.88,1838.88,92.39,333.5,1023.85
1/15/2014,2.9,1848.38,94.41,335.45,1028.39
1/16/2014,2.86,1845.89,94.1,334.05,1028.4
1/17/2014,2.84,1838.7,94.08,334.25,1031.01
1/21/2014,2.85,1843.8,94.99,334.75,1030.16
1/22/2014,2.87,1844.86,96.83,332.5,1031.44
1/23/2014,2.79,1828.46,97.28,328.05,1026.29
1/24/2014,2.75,1790.29,96.88,326.35,1026.51
1/27/2014,2.78,1781.5601,95.87,325.5,1026.38
1/28/2014,2.77,1792.5,97.23,325.2,1026.4
1/29/2014,2.69,1774.2,97.34,323.9,1027.05
1/30/2014,2.72,1794.1899,97.92,322.3,1030.8
1/31/2014,2.67,1782.59,97.49,319.15,1031.57
2/3/2014,2.61,1741.89,96.73,317.6,1029.87
2/4/2014,2.64,1755.2,97.35,319.5,1027.93
2/5/2014,2.7,1751.64,97.22,319.3,1026.45
2/6/2014,2.73,1773.4301,97.81,322.35,1025.75
2/7/2014,2.71,1797.02,99.97,324.45,1023.83
2/10/2014,2.7,1799.84,99.91,321.9,1024.27
2/11/2014,2.75,1819.75,99.88,322.9,1023.78
2/12/2014,2.8,1819.26,100.24,325.55,1023.97
2/13/2014,2.73,1829.83,100.3,325.1,1020.17
2/14/2014,2.75,1838.63,100.29,326.2,1017.47
2/18/2014,2.71,1840.76,102.67,328.3,1017.34
2/19/2014,2.73,1828.75,103.42,327.95,1020.16
2/20/2014,2.76,1839.78,102.92,327.95,1020.59
2/21/2014,2.73,1836.25,102.25,328.65,1020.97
2/24/2014,2.75,1847.61,102.58,326.45,1019.58
2/25/2014,2.7,1845.12,101.97,324.9,1019.21
2/26/2014,2.67,1845.16,102.47,322.75,1022.4
2/27/2014,2.65,1854.29,102.29,323.6,1020.22
2/28/2014,2.66,1859.45,102.47,323.8,1016.74
3/3/2014,2.6,1845.73,104.67,321.95,1018.98
3/4/2014,2.7,1873.91,103.28,325.7,1020.13
3/5/2014,2.7,1873.8101,101.01,325.1,1018.75
3/6/2014,2.74,1877.03,102.03,327.35,1014.56
3/7/2014,2.8,1878.04,102.54,315.35,1016.32
3/10/2014,2.79,1877.17,101.13,312.15,1017.75
3/11/2014,2.77,1867.63,99.73,302.75,1018.71
3/12/2014,2.73,1868.2,98.28,301.92,1016.52
3/13/2014,2.66,1846.34,98.27,298.7,1014.86
3/14/2014,2.65,1841.13,99.02,299.77,1013
3/17/2014,2.7,1858.83,98.05,300.1,1012.2
3/18/2014,2.68,1872.25,99.63,299.45,1012.28
3/19/2014,2.78,1860.77,100.28,301.88,1020.09
3/20/2014,2.79,1872.01,99.43,297.6,1021.54
3/21/2014,2.75,1866.52,99.5,299.4,1019.26
3/24/2014,2.74,1857.4399,99.36,298.5,1017.4
3/25/2014,2.75,1865.62,99.26,304,1016.73
3/26/2014,2.71,1852.5601,100.18,301.05,1015.39
3/27/2014,2.69,1849.04,101.32,303.45,1015.21
3/28/2014,2.73,1857.62,101.61,303.65,1016.26
3/31/2014,2.73,1872.34,101.54,302.9,1015.77
4/1/2014,2.77,1885.52,99.39,303.75,1016.08
4/2/2014,2.82,1890.9,99.33,303.6,1017.78
4/3/2014,2.8,1888.77,100.31,302.95,1019.9
4/4/2014,2.74,1865.09,101.12,302.05,1016.65
4/7/2014,2.71,1845.04,100.67,303.95,1014.65
4/8/2014,2.69,1851.96,102.45,305.3,1008.53
4/9/2014,2.71,1872.1801,103.39,304.7,1005.62
4/10/2014,2.65,1833.08,103.33,303.85,1005.16
4/11/2014,2.63,1815.6899,103.36,304.05,1006.46
4/14/2014,2.65,1830.61,103.58,304.05,1008.01
4/15/2014,2.64,1842.98,103.55,299.45,1009.89
4/16/2014,2.65,1862.3101,103.87,303.1,1010.13
4/17/2014,2.73,1864.85,104.5,304.85,1010.68
4/21/2014,2.73,1871.89,104.28,304.55,1011.5
4/22/2014,2.73,1879.55,102.13,305.7,1011.18
4/23/2014,2.7,1875.39,101.48,305.65,1011.45
4/24/2014,2.7,1878.61,101.94,311.65,1011.04
4/25/2014,2.68,1863.4,100.65,312.05,1011.02
4/28/2014,2.7,1869.4301,100.98,310.7,1010.89
4/29/2014,2.71,1878.33,100.99,307.45,1010.78
4/30/2014,2.67,1883.95,99.89,302.4,1008.01
5/1/2014,2.63,1883.6801,99.44,303.35,1008.22
5/2/2014,2.6,1881.14,99.79,307.85,1007.72
5/5/2014,2.63,1884.66,99.39,306.85,1007.55
5/6/2014,2.61,1867.72,99.59,307,1002.53
5/7/2014,2.62,1878.21,100.73,305.3,1003.5
5/8/2014,2.61,1875.63,100.32,307.85,1003.44
5/9/2014,2.62,1878.48,100.06,310.25,1007.81
5/12/2014,2.66,1896.65,100.6,316.27,1008.35
5/13/2014,2.61,1897.45,101.86,314.5,1010.06
5/14/2014,2.54,1888.53,102.13,317.38,1008.77
5/15/2014,2.5,1870.85,101.52,316.2,1009.01
5/16/2014,2.52,1877.86,102.1,316,1008.12
5/19/2014,2.54,1885.08,102.63,317.58,1007.78
5/20/2014,2.52,1872.83,102.44,315.35,1008.92
5/21/2014,2.54,1888.03,103.74,313.2,1009.51
5/22/2014,2.56,1892.49,103.83,314.8,1010.61
5/23/2014,2.54,1900.53,104.3,317.7,1011.47
5/27/2014,2.52,1911.91,104.12,318.8,1011.59
5/28/2014,2.44,1909.78,102.88,318.25,1013.16
5/29/2014,2.45,1920.03,103.54,314.55,1011.28
5/30/2014,2.48,1923.5699,102.87,313.15,1010.78
6/2/2014,2.54,1924.97,102.45,316.65,1014.8
6/3/2014,2.6,1924.24,102.81,314.1,1014.69
6/4/2014,2.61,1927.88,102.44,309.35,1015.89
6/5/2014,2.59,1940.46,102.55,309.3,1011.98
6/6/2014,2.6,1949.4399,102.75,306.15,1012.8
6/9/2014,2.62,1951.27,104.39,305.35,1014.2
6/10/2014,2.64,1950.79,104.64,305.9,1014.97
6/11/2014,2.65,1943.89,104.43,303.4,1014.32
6/12/2014,2.58,1930.11,106.74,301.1,1011.61
6/13/2014,2.6,1936.16,106.78,302.5,1012.73
6/16/2014,2.61,1937.78,106.8,304.9,1011.61
6/17/2014,2.66,1941.99,106.19,306,1014.57
6/18/2014,2.61,1956.98,106.14,306.55,1011.01
6/19/2014,2.64,1959.48,106.6,307.4,1010.32
6/20/2014,2.63,1962.87,107.26,311.75,1009.83
6/23/2014,2.63,1962.61,106.18,314.55,1008.89
6/24/2014,2.59,1949.98,106.02,314.6,1009.97
6/25/2014,2.57,1959.53,106.57,316.45,1008.29
6/26/2014,2.53,1957.22,105.65,316.5,1007.69
6/27/2014,2.54,1960.96,105.72,315.2,1005.04
6/30/2014,2.53,1960.23,105.42,319.15,1003.34
7/1/2014,2.58,1973.3199,105.43,318.85,1002.67
7/2/2014,2.64,1974.62,104.15,324.73,1005.15
7/3/2014,2.65,1985.4399,104.02,325.98,1007.05
7/7/2014,2.63,1977.65,103.49,324.4,1007.3
7/8/2014,2.58,1963.71,103.54,324.77,1006.15
7/9/2014,2.57,1972.83,102.14,324.25,1004.89
7/10/2014,2.55,1964.6801,102.86,326,1005.55
7/11/2014,2.53,1967.5699,100.73,325.85,1006.89
7/14/2014,2.55,1977.1,101.09,324.4,1006.77
7/15/2014,2.56,1973.28,99.89,323.95,1008.96
7/16/2014,2.55,1981.5699,101.34,320.17,1009.86
7/17/2014,2.47,1958.12,103.07,320.6,1010.31
7/18/2014,2.5,1978.22,103.01,317.83,1009.53
7/21/2014,2.49,1973.63,104.86,318.77,1009.74
7/22/2014,2.48,1983.53,104.42,319.25,1010.83
7/23/2014,2.48,1987.01,102.97,319.55,1010.76
7/24/2014,2.52,1987.98,102.03,325.02,1012.31
7/25/2014,2.48,1978.34,101.88,323.27,1014.12
7/28/2014,2.5,1978.91,101.58,323.3,1014.17
7/29/2014,2.47,1969.95,100.93,321.05,1016.84
7/30/2014,2.57,1970.0699,99.6,324.35,1020.59
7/31/2014,2.58,1930.67,98.02,323.05,1021.93
8/1/2014,2.52,1925.15,97.64,322,1020.69
8/4/2014,2.51,1938.99,98.47,324.8,1020.17
8/5/2014,2.49,1920.21,97.53,320.1,1023.1
8/6/2014,2.49,1920.24,96.98,316.7,1020.65
8/7/2014,2.43,1909.5699,97.57,317.1,1022.28
8/8/2014,2.44,1931.59,97.58,318.1,1021.37
8/11/2014,2.44,1936.92,97.93,317.65,1021.22
8/12/2014,2.46,1933.75,97.27,315.15,1021.18
8/13/2014,2.43,1946.72,97.37,311.55,1022.11
8/14/2014,2.4,1955.1801,95.44,308.85,1020.96
8/15/2014,2.34,1955.0601,97.03,310.65,1019.42
8/18/2014,2.39,1971.74,96.55,310.95,1020.21
8/19/2014,2.4,1981.6,94.87,308.9,1023.51
8/20/2014,2.43,1986.51,96.07,316.9,1028.25
8/21/2014,2.41,1992.37,94.01,317.77,1027.4
8/22/2014,2.4,1988.4,93.61,320.35,1028.81
8/25/2014,2.39,1997.92,93.4,321.9,1030.76
8/26/2014,2.39,2000.02,93.85,318.8,1030.6
8/27/2014,2.37,2000.12,93.82,317.45,1027.82
8/28/2014,2.34,1996.74,94.66,312.5,1027.36
8/29/2014,2.35,2003.37,95.86,313.75,1029.48
9/2/2014,2.42,2002.28,93.19,313.73,1034.2
9/3/2014,2.41,2000.72,95.29,311.6,1031.79
9/4/2014,2.45,1997.65,94.6,313.8,1039.23
9/5/2014,2.46,2007.71,93.48,316,1038.18
9/8/2014,2.48,2001.54,92.99,317.58,1045.43
9/9/2014,2.5,1988.4399,92.75,309.9,1045.61
9/10/2014,2.54,1995.6899,91.82,310.6,1047.26
9/11/2014,2.54,1997.45,93.19,308.9,1049.84
9/12/2014,2.62,1985.54,92.17,309.75,1050.57
9/15/2014,2.6,1984.13,92.78,308.45,1050.55
9/16/2014,2.6,1998.98,94.76,315.52,1047.22
9/17/2014,2.62,2001.5699,94.12,313.13,1054.08
9/18/2014,2.63,2011.36,93.03,309.38,1052.65
9/19/2014,2.59,2010.4,92.62,308.48,1055.85
9/22/2014,2.57,1994.29,91.52,304.5,1056.8
9/23/2014,2.54,1982.77,91.47,303.45,1057.46
9/24/2014,2.57,1998.3,93,306.23,1059.53
9/25/2014,2.52,1965.99,92.53,305.4,1062.75
9/26/2014,2.54,1982.85,93.44,303.65,1067.29
9/29/2014,2.5,1977.8,94.44,304.75,1068.85
9/30/2014,2.52,1972.29,91.41,301,1070.94
10/1/2014,2.42,1946.16,90.74,302.6,1070.9
10/2/2014,2.44,1946.17,91.3,300.7,1067.44
10/3/2014,2.45,1967.9,89.75,299.9,1078.65
10/6/2014,2.43,1964.8199,90.46,303.52,1068.68
10/7/2014,2.36,1935.1,88.85,303.25,1066.92
10/8/2014,2.35,1968.89,87.62,303.2,1062.09
10/9/2014,2.34,1928.21,85.25,303.25,1065.53
10/10/2014,2.31,1906.13,85.51,303.55,1069.58
10/13/2014,2.26,1874.74,85.11,304.5,1064.58
10/14/2014,2.21,1877.7,81.89,307.65,1068.02
10/15/2014,2.15,1862.49,81.56,300.8,1061
10/16/2014,2.17,1862.76,82.67,298.65,1061.33
10/17/2014,2.22,1886.76,83.09,300.2,1063.64
10/20/2014,2.2,1904.01,82.9,298.65,1061.51
10/21/2014,2.23,1941.28,82.81,303.15,1064.42
10/22/2014,2.25,1927.11,80.42,301.2,1067.4
10/23/2014,2.29,1950.8199,81.89,303.4,1069.82
10/24/2014,2.29,1964.58,81.33,303.65,1068.16
10/27/2014,2.27,1961.63,80.72,306.15,1066.41
10/28/2014,2.3,1985.05,81.23,308.85,1063.15
10/29/2014,2.34,1982.3,82.3,308.25,1069.42
10/30/2014,2.32,1994.65,80.99,306.15,1070.28
10/31/2014,2.35,2018.05,80.71,304.7,1080.84
11/3/2014,2.36,2017.8101,78.36,306.4,1088.07
11/4/2014,2.35,2012.1,77.15,301.75,1085.78
11/5/2014,2.36,2023.5699,78.89,300.25,1091.26
11/6/2014,2.39,2031.21,77.99,301.5,1097.86
11/7/2014,2.32,2031.92,78.44,303.75,1091.46
11/10/2014,2.38,2038.26,77.29,301.65,1094.22
11/11/2014,2.375,2039.6801,77.53,303.6,1092.27
11/12/2014,2.37,2038.25,76.82,302.75,1094.19
11/13/2014,2.35,2039.33,74.61,299.05,1094.9
11/14/2014,2.32,2039.8199,75.89,304.65,1092.66
11/17/2014,2.34,2041.3199,75.51,304.05,1096.71
11/18/2014,2.32,2051.8,74.28,299.88,1094.42
11/19/2014,2.36,2048.72,74.41,303.05,1098
11/20/2014,2.34,2052.75,75.58,301.6,1097.38
11/21/2014,2.31,2063.5,76.62,303.8,1100.05
11/24/2014,2.3,2069.4099,75.78,299.8,1100.97
11/25/2014,2.27,2067.03,73.83,295.67,1099.34
11/26/2014,2.24,2072.8301,73.51,296.42,1096.91
11/28/2014,2.18,2067.5601,66.15,285.95,1106.9
12/1/2014,2.22,2053.4399,69.36,293,1103.71
12/2/2014,2.28,2066.55,67.38,290.75,1111.22
12/3/2014,2.29,2074.3301,67.4,289.23,1114.06
12/4/2014,2.25,2071.9199,66.75,292.75,1112.51
12/5/2014,2.31,2075.3701,65.73,292.65,1122.34
12/8/2014,2.26,2060.3101,63.03,290.77,1120.47
12/9/2014,2.22,2059.8201,63.81,294.5,1115.72
12/10/2014,2.18,2026.14,61.32,291.2,1111.56
12/11/2014,2.19,2035.33,59.67,293.2,1118.18
12/12/2014,2.1,2002.33,57.72,294.08,1115.76
12/15/2014,2.12,1989.63,55.16,288.65,1116.65
12/16/2014,2.07,1972.74,55.95,287.75,1110.75
12/17/2014,2.14,2012.89,56.09,288.98,1121.16
12/18/2014,2.22,2061.23,54.6,286.77,1121.52
12/19/2014,2.17,2070.6499,56.52,291.35,1125.58
12/22/2014,2.17,2078.54,55.28,290.35,1127.79
12/23/2014,2.26,2082.1699,57,289.55,1133.13
12/24/2014,2.27,2081.8799,55.85,287.45,1130.1
12/26/2014,2.25,2088.77,54.9,283.9,1130.61
12/29/2014,2.22,2090.5701,53.61,283.13,1132.85
12/30/2014,2.2,2080.3501,53.64,285.2,1128.69
12/31/2014,2.17,2058.8999,53.82,282.5,1131.06
1/2/2015,2.12,2058.2,52.6,281.75,1141.02
1/5/2015,2.04,2020.58,49.69,277,1143.4
1/6/2015,1.97,2002.61,47.73,276.25,1143.01
1/7/2015,1.96,2025.9,48.57,276.2,1145.62
1/8/2015,2.03,2062.1399,49,276.9,1147.54
1/9/2015,1.98,2044.8101,48.25,275.7,1141.13
1/12/2015,1.92,2028.26,45.88,272.05,1142.87
1/13/2015,1.91,2023.03,46.42,260.33,1143.41
1/14/2015,1.86,2011.27,48.33,252.3,1140.2
1/15/2015,1.77,1992.67,46.2,257,1136.51
1/16/2015,1.83,2019.42,48.53,262.65,1139.27
1/20/2015,1.82,2022.55,46.39,258.85,1145.7
1/21/2015,1.87,2032.12,47.51,260.65,1145.78
1/22/2015,1.9,2063.1499,46.53,258,1156.11
1/23/2015,1.81,2051.8201,45.45,249.9,1161.31
1/26/2015,1.83,2057.0901,45.09,254.1,1161.42
1/27/2015,1.83,2029.55,46.03,246.4,1154.57
1/28/2015,1.73,2002.16,44.25,245.75,1160.28
1/29/2015,1.77,2021.25,44.57,246.2,1165.6
1/30/2015,1.68,1994.99,47.68,250.4,1167.89
2/2/2015,1.68,2020.85,49.77,250.1,1165.31
2/3/2015,1.79,2050.03,52.43,257.6,1155.26
2/4/2015,1.81,2041.51,48.87,259.1,1161.07
2/5/2015,1.83,2062.52,50.87,260.1,1154.99
2/6/2015,1.95,2055.47,52.03,259,1166.02
2/9/2015,1.96,2046.74,52.85,258.05,1164.3
2/10/2015,2.01,2068.5901,50.57,255.1,1169.35
2/11/2015,2,2068.53,49.41,254.15,1174.87
2/12/2015,1.99,2088.48,51.21,260.3,1163.11
2/13/2015,2.02,2096.99,52.52,260.2,1162.65
2/17/2015,2.14,2100.3401,53.11,260.35,1162.7
2/18/2015,2.07,2099.6799,51.72,261.85,1162.01
2/19/2015,2.11,2097.45,51.33,261.55,1167.35
2/20/2015,2.13,2110.3,50.08,260.25,1166.69
2/23/2015,2.06,2109.6599,49.23,259,1168.74
2/24/2015,1.99,2115.48,49.03,264.5,1165.51
2/25/2015,1.96,2113.8601,50.76,266.45,1163.13
2/26/2015,2.03,2110.74,49.03,271.1,1173.75
2/27/2015,2,2104.5,49.28,271.1,1172.37
3/2/2015,2.08,2117.3899,49.81,271.05,1176.47
3/3/2015,2.12,2107.78,50.31,267,1174.94
3/4/2015,2.12,2098.53,51.74,268.08,1179.25
3/5/2015,2.11,2101.04,50.9,267.3,1185.15
3/6/2015,2.24,2071.26,49.65,262.67,1198.93
3/9/2015,2.2,2079.4299,49.92,268.4,1199.58
3/10/2015,2.14,2044.16,48.69,263.42,1209.12
3/11/2015,2.11,2040.24,48.32,262.35,1217.45
3/12/2015,2.1,2065.95,47.08,267.2,1212.27
3/13/2015,2.13,2053.3999,45.17,268.7,1222.12
3/16/2015,2.1,2081.1899,43.83,267.35,1216.64
3/17/2015,2.06,2074.28,43.12,264.6,1216.11
3/18/2015,1.93,2099.5,45.12,265,1194.89
3/19/2015,1.98,2089.27,43.62,267.75,1210.93
3/20/2015,1.93,2108.1001,45.72,277.17,1195.01
3/23/2015,1.92,2104.4199,47.31,290.4,1184.28
3/24/2015,1.88,2091.5,47.38,280.9,1186.08
3/25/2015,1.93,2061.05,48.97,280.33,1185.46
3/26/2015,2.01,2056.1499,51.37,282.08,1189.08
3/27/2015,1.95,2061.02,48.38,276.9,1190.89
3/30/2015,1.96,2086.24,48.57,278.35,1199.49
3/31/2015,1.94,2067.8899,47.5,273.8,1200.68
4/1/2015,1.87,2059.6899,49.58,274.7,1198.19
4/2/2015,1.92,2066.96,49.51,273.2,1191.23
4/6/2015,1.92,2080.6201,51.95,271.3,1185.72
4/7/2015,1.89,2076.3301,53.75,275.5,1193.11
4/8/2015,1.92,2081.8999,50.94,273.4,1192.62
4/9/2015,1.97,2091.1799,50.68,272.6,1202.33
4/10/2015,1.96,2102.0601,51.74,273.6,1204.23
4/13/2015,1.94,2092.4299,52,271.7,1207.81
4/14/2015,1.9,2095.8401,53.18,270,1199.97
4/15/2015,1.91,2106.6299,55.96,272.38,1193.92
4/16/2015,1.9,2104.99,56.56,277.8,1186.07
4/17/2015,1.87,2081.1799,56.06,279.1,1185.36
4/20/2015,1.9,2100.3999,56.33,272.52,1191.06
4/21/2015,1.92,2097.29,55.26,269.8,1192.37
4/22/2015,1.99,2107.96,56.3,267.2,1191.9
4/23/2015,1.96,2112.9299,57.49,270,1184.57
4/24/2015,1.93,2117.6899,57.2,273.95,1180.61
4/27/2015,1.94,2108.9199,56.81,277.45,1178.46
4/28/2015,2,2114.76,57.03,278.15,1171.41
4/29/2015,2.06,2106.8501,58.48,278.58,1165.24
4/30/2015,2.05,2085.51,59.63,287.55,1165.28
5/1/2015,2.12,2108.29,59.32,293.65,1172.27
5/4/2015,2.16,2114.49,58.96,291.6,1173.08
5/5/2015,2.19,2089.46,60.39,293.45,1168.81
5/6/2015,2.25,2080.1499,60.62,293.2,1160.75
5/7/2015,2.18,2088,58.82,292.45,1165.87
5/8/2015,2.16,2116.1001,59.44,292.5,1164.21
5/11/2015,2.28,2105.3301,59.28,292.3,1168.96
5/12/2015,2.28,2099.1201,60.39,294.9,1163.4
5/13/2015,2.27,2098.48,60.05,295.27,1154.76
5/14/2015,2.23,2121.1001,59.78,294.6,1150.8
5/15/2015,2.14,2122.73,59.83,294.9,1150.19
5/18/2015,2.23,2129.2,59.7,292.83,1160.14
5/19/2015,2.27,2127.8301,57.26,285.55,1170.71
5/20/2015,2.26,2125.8501,58.72,285.15,1171.98
5/21/2015,2.19,2130.8201,60.64,287.1,1171.06
5/22/2015,2.21,2126.0601,59.91,282.3,1179.86
5/26/2015,2.14,2104.2,58.26,284.25,1191.84
5/27/2015,2.14,2123.48,57.66,281.45,1192.33
5/28/2015,2.13,2120.79,57.87,277,1192.3
5/29/2015,2.12,2107.3899,60.16,272.95,1191.94
6/1/2015,2.19,2111.73,60.3,271.4,1198.56
6/2/2015,2.27,2109.6001,61.3,273.65,1183.54
6/3/2015,2.38,2114.0701,59.73,272.75,1180.46
6/4/2015,2.31,2095.8401,58.18,268.75,1183.57
6/5/2015,2.41,2092.8301,58.94,269.7,1192.75
6/8/2015,2.39,2079.28,58.33,270.1,1181.1
6/9/2015,2.42,2080.1499,59.87,271.1,1180.46
6/10/2015,2.5,2105.2,61.16,274.3,1171.61
6/11/2015,2.39,2108.8601,60.64,267.35,1174.47
6/12/2015,2.39,2094.1101,59.99,268.1,1175.58
6/15/2015,2.36,2084.4299,59.62,264.8,1174.51
6/16/2015,2.32,2096.29,60,261.55,1175.57
6/17/2015,2.32,2100.4399,59.85,262.1,1167.85
6/18/2015,2.35,2121.24,60.38,260.55,1165.02
6/19/2015,2.26,2109.99,59.45,257.15,1166.76
6/22/2015,2.37,2122.8501,59.68,257.15,1169.51
6/23/2015,2.42,2124.2,61.11,261.3,1178.01
6/24/2015,2.38,2108.5801,60.27,262.4,1179.11
6/25/2015,2.4,2102.3101,59.63,262.2,1177.33
6/26/2015,2.49,2101.49,59.58,264.8,1180.11
6/29/2015,2.33,2057.6399,58.19,263.25,1176.33
6/30/2015,2.35,2063.1101,59.32,262.6,1180.77
7/1/2015,2.43,2077.4199,56.99,263.23,1189.33
7/2/2015,2.4,2076.78,56.52,263.67,1186.29
7/6/2015,2.3,2068.76,52.87,253.9,1189.87
7/7/2015,2.27,2081.3401,52.96,247.68,1194.5
7/8/2015,2.22,2046.6801,51.87,248.98,1191.29
7/9/2015,2.32,2051.3101,52.82,255.35,1192.85
7/10/2015,2.42,2076.6201,52.73,254.8,1188.88
7/13/2015,2.44,2099.6001,52.19,255.38,1196.51
7/14/2015,2.41,2108.95,52.9,254.7,1194.33
7/15/2015,2.36,2107.3999,51.45,252.25,1200.76
7/16/2015,2.36,2124.29,50.99,252.82,1205.22
7/17/2015,2.34,2126.6399,50.81,250.27,1208
7/20/2015,2.38,2128.28,49.96,247.52,1210.42
7/21/2015,2.35,2119.21,50.36,247.75,1204.34
7/22/2015,2.33,2114.1499,49.13,243.07,1207.85
7/23/2015,2.28,2102.1499,48.6,237.4,1206.64
7/24/2015,2.27,2079.6499,48.23,238.52,1209.47
7/27/2015,2.23,2067.6399,47.07,234.45,1204.57
7/28/2015,2.26,2093.25,47.72,240.55,1203.84
7/29/2015,2.29,2108.5701,48.88,240.95,1207.66
7/30/2015,2.28,2108.6299,48.46,238,1211.1
7/31/2015,2.2,2103.8401,46.9,235.1,1208.44
8/3/2015,2.16,2098.04,45.42,234.4,1211.75
8/4/2015,2.23,2093.3201,45.82,235,1215.12
8/5/2015,2.28,2099.8401,45.22,235.5,1217.04
8/6/2015,2.23,2083.5601,44.75,234.3,1215.32
8/7/2015,2.18,2077.5701,43.84,232.55,1212.07
8/10/2015,2.24,2104.1799,44.76,238.85,1207.84
8/11/2015,2.15,2084.0701,43.44,234,1213.51
8/12/2015,2.14,2086.05,43.38,234.82,1203.85
8/13/2015,2.19,2083.3899,42.21,235.4,1207.5
8/14/2015,2.2,2091.54,42.05,234.6,1208.48
8/17/2015,2.16,2102.4399,41.88,232.2,1210.39
8/18/2015,2.2,2096.9199,42.4,228.55,1211.29
8/19/2015,2.12,2079.6101,40.55,227.45,1208.06
8/20/2015,2.09,2035.73,40.51,232.3,1204.65
8/21/2015,2.05,1970.89,40.36,230.15,1199.83
8/24/2015,2.01,1893.21,38.13,224.82,1188.18
8/25/2015,2.12,1867.61,38.86,229.2,1195.19
8/26/2015,2.18,1940.51,38.98,226.4,1202.94
8/27/2015,2.18,1987.66,42.6,232.5,1205.59
8/28/2015,2.19,1988.87,45.39,234.05,1207.64
8/31/2015,2.21,1972.1801,48.53,233.65,1206.82
9/1/2015,2.17,1913.85,45.19,229.1,1204.89
9/2/2015,2.2,1948.86,46.03,233,1209.05
9/3/2015,2.18,1951.13,46.84,238,1212.25
9/4/2015,2.13,1921.22,46.02,232.55,1213.91
9/8/2015,2.2,1969.41,45.89,243.65,1209.12
9/9/2015,2.21,1942.04,44.32,242.8,1210.66
9/10/2015,2.23,1952.29,45.69,246.1,1205.84
9/11/2015,2.2,1961.05,44.8,246.43,1204.35
9/14/2015,2.18,1953.03,44.06,241.82,1202.87
9/15/2015,2.28,1978.09,44.68,243.6,1205.93
9/16/2015,2.3,1995.3101,47.15,246.2,1201.3
9/17/2015,2.21,1990.2,46.84,247.27,1193.93
9/18/2015,2.13,1958.03,44.91,238.43,1201.76
9/21/2015,2.2,1966.97,46.33,240.02,1207.56
9/22/2015,2.14,1942.74,45.83,231.45,1212.84
9/23/2015,2.16,1938.76,44.69,230.25,1217
9/24/2015,2.13,1932.24,45.13,231.15,1211.39
9/25/2015,2.17,1931.34,45.56,228.52,1214.12
9/28/2015,2.1,1881.77,44.47,225.1,1214.91
9/29/2015,2.05,1884.09,45.2,225.85,1213.3
9/30/2015,2.06,1920.03,45.45,233.95,1213.83
10/1/2015,2.05,1923.8199,45.08,230.8,1212.37
10/2/2015,1.99,1951.36,45.67,233.95,1208.88
10/5/2015,2.07,1987.05,46.41,235.95,1208.28
10/6/2015,2.05,1979.92,48.7,235.65,1200.75
10/7/2015,2.08,1995.83,48.19,236.95,1201.15
10/8/2015,2.12,2013.4301,49.68,235.25,1196.59
10/9/2015,2.12,2014.89,49.51,241.95,1192.45
10/12/2015,2.09,2017.46,47.43,241.1,1192.16
10/13/2015,2.06,2003.6899,46.62,238.1,1194.29
10/14/2015,1.99,1994.24,46.61,241.85,1183.42
10/15/2015,2.04,2023.86,46.8,243.1,1185.28
10/16/2015,2.04,2033.11,47.2,240.15,1189.63
10/19/2015,2.04,2033.66,46.09,236.4,1193.03
10/20/2015,2.08,2030.77,45.55,236.65,1193.41
10/21/2015,2.04,2018.9399,45.16,235.65,1196.98
10/22/2015,2.04,2052.51,45.45,238.2,1205.06
10/23/2015,2.09,2075.1499,44.63,234.8,1212.25
10/26/2015,2.07,2071.1799,43.83,235.5,1209.09
10/27/2015,2.05,2065.8899,43.23,236.5,1210.39
10/28/2015,2.1,2090.3501,45.97,236.65,1218.1
10/29/2015,2.19,2089.4099,45.79,232.1,1214.89
10/30/2015,2.16,2079.3601,46.38,231.4,1209.83
11/2/2015,2.2,2104.05,46.12,231.27,1208.81
11/3/2015,2.23,2109.79,47.88,233.63,1208.98
11/4/2015,2.25,2102.3101,46.53,232.35,1216.99
11/5/2015,2.26,2099.9299,45.32,225.6,1219.11
11/6/2015,2.34,2099.2,44.53,224.35,1232.53
11/9/2015,2.36,2078.5801,44.02,222.8,1231.33
11/10/2015,2.32,2081.72,44.14,222.05,1232.73
11/11/2015,2.32,2075,43.02,221.57,1229.43
11/12/2015,2.32,2045.97,41.61,216.55,1226.09
11/13/2015,2.28,2023.04,40.76,216.2,1229.63
11/16/2015,2.27,2053.1899,42.03,212.4,1233.95
11/17/2015,2.25,2050.4399,40.76,209.7,1235.36
11/18/2015,2.27,2083.5801,40.7,207.35,1235.71
11/19/2015,2.24,2081.24,40.47,207.4,1227.44
11/20/2015,2.26,2089.1699,40.39,204.25,1231.27
11/23/2015,2.25,2086.5901,41.87,201.35,1233.98
11/24/2015,2.24,2089.1399,42.86,205.9,1230.44
11/25/2015,2.23,2088.8701,43.11,204.45,1231.51
11/27/2015,2.22,2090.1101,41.77,205.1,1237.34
11/30/2015,2.21,2080.4099,41.64,204.4,1237.85
12/1/2015,2.15,2102.6299,41.66,206.88,1233.43
12/2/2015,2.18,2079.51,40.13,203.8,1235.81
12/3/2015,2.33,2049.6201,41.15,205.4,1218.74
12/4/2015,2.28,2091.6899,40.11,207.35,1223.73
12/7/2015,2.23,2077.0701,37.74,204.1,1230.1
12/8/2015,2.24,2063.5901,37.66,205.15,1230.3
12/9/2015,2.22,2047.62,37.24,206.02,1220.67
12/10/2015,2.24,2052.23,36.47,205.9,1225.41
12/11/2015,2.13,2012.37,35.48,209.65,1225.87
12/14/2015,2.23,2021.9399,36.23,209.63,1226.2
12/15/2015,2.28,2043.41,37.08,204.68,1229.55
12/16/2015,2.3,2073.0701,35.63,206.27,1229.75
12/17/2015,2.24,2041.89,34.72,203.5,1239.22
12/18/2015,2.19,2005.55,34.56,209.88,1234.39
12/21/2015,2.2,2021.15,34.74,212.68,1233.32
12/22/2015,2.24,2038.97,36.16,209.88,1231.18
12/23/2015,2.27,2064.29,37.82,211.7,1230.65
12/24/2015,2.25,2060.99,38.12,211.25,1227.18
12/28/2015,2.24,2056.5,36.71,207.15,1227.58
12/29/2015,2.32,2078.3601,37.87,212.63,1228.65
12/30/2015,2.31,2063.3601,36.72,214.55,1231.11
12/31/2015,2.27,2043.9399,36.97,213.5,1232.59
1/4/2016,2.24,2012.66,36.89,207.8,1236.77
1/5/2016,2.25,2016.71,35.81,209.35,1240.42
1/6/2016,2.18,1990.26,34,209,1242.54
1/7/2016,2.16,1943.09,33.24,202.65,1237.09
1/8/2016,2.13,1922.03,32.91,201.6,1240.22
1/11/2016,2.17,1923.67,31.1,197.55,1243.38
1/12/2016,2.12,1938.6801,30.85,195.75,1244.25
1/13/2016,2.08,1890.28,30.78,195.35,1244.93
1/14/2016,2.1,1921.84,31.14,197.65,1246.15
1/15/2016,2.03,1880.33,29.62,194.3,1249.4
1/19/2016,2.06,1881.33,28.39,197,1250.7
1/20/2016,2.01,1859.33,26.55,198.95,1251.45
1/21/2016,2.02,1868.99,29.75,199.8,1250.69
1/22/2016,2.07,1906.9,32.26,200.13,1253.1
1/25/2016,2.03,1877.08,29.75,199.1,1252.99
1/26/2016,2.01,1903.63,31.22,203.7,1248.02
1/27/2016,2.02,1882.95,31.94,205.6,1249.34
1/28/2016,2,1893.36,33.76,205.05,1244.38
1/29/2016,1.94,1940.24,33.63,205.95,1252.04
2/1/2016,1.97,1939.38,31.37,206,1247.08
2/2/2016,1.87,1903.03,29.87,205,1248.52
2/3/2016,1.88,1912.53,32.51,209.85,1227.51
2/4/2016,1.87,1915.45,31.76,211.95,1221.02
2/5/2016,1.86,1880.05,31.03,208.75,1228.7
2/8/2016,1.75,1853.4399,30.11,209.1,1226.58
2/9/2016,1.74,1852.21,28.5,203.45,1220.94
2/10/2016,1.71,1851.86,27.4,201.65,1217.08
